﻿<parameters>
  <parameter name="IIS Web Application Name" defaultValue="HostWsCallCenter" tags="IisApp">
    <parameterEntry kind="ProviderPath" scope="IisApp" match="^C:\\Projects\\SHS\\DeliverySystem\\Virtual\\DeliveryReactiveSystem\\HostCallCenter\\obj\\Release\\Package\\PackageTmp$" />
    <parameterEntry kind="ProviderPath" scope="setAcl" match="^C:\\Projects\\SHS\\DeliverySystem\\Virtual\\DeliveryReactiveSystem\\HostCallCenter\\obj\\Release\\Package\\PackageTmp$" />
  </parameter>
  <parameter name="CallCenterEntities-Web.config Connection String" defaultValue="metadata=res://*/Entities.CallCenter.csdl|res://*/Entities.CallCenter.ssdl|res://*/Entities.CallCenter.msl;provider=System.Data.SqlClient;provider connection string=&quot;data source=DEVELOPMENT1\SQL2012;initial catalog=CallCenter;integrated security=True;multipleactiveresultsets=True;application name=EntityFramework&quot;">
    <parameterEntry kind="XmlFile" scope="C:\\Projects\\SHS\\DeliverySystem\\Virtual\\DeliveryReactiveSystem\\HostCallCenter\\obj\\Release\\Package\\PackageTmp\\Web\.config$" match="/configuration/connectionStrings/add[@name='CallCenterEntities']/@connectionString" />
  </parameter>
  <parameter name="DefaultConnection-Web.config Connection String" defaultValue="Server=DEVELOPMENT1\SQL2012;Database=CallCenter;User Id=development;Password=development;">
    <parameterEntry kind="XmlFile" scope="C:\\Projects\\SHS\\DeliverySystem\\Virtual\\DeliveryReactiveSystem\\HostCallCenter\\obj\\Release\\Package\\PackageTmp\\Web\.config$" match="/configuration/connectionStrings/add[@name='DefaultConnection']/@connectionString" />
  </parameter>
  <parameter name="LogCallCenterEntities-Web.config Connection String" defaultValue="metadata=res://*/Entities.LogCallCenter.csdl|res://*/Entities.LogCallCenter.ssdl|res://*/Entities.LogCallCenter.msl;provider=System.Data.SqlClient;provider connection string=&quot;data source=DEVELOPMENT1\SQL2012;initial catalog=LogCallCenter;integrated security=True;MultipleActiveResultSets=True;App=EntityFramework&quot;">
    <parameterEntry kind="XmlFile" scope="C:\\Projects\\SHS\\DeliverySystem\\Virtual\\DeliveryReactiveSystem\\HostCallCenter\\obj\\Release\\Package\\PackageTmp\\Web\.config$" match="/configuration/connectionStrings/add[@name='LogCallCenterEntities']/@connectionString" />
  </parameter>
</parameters>